employee,US,Tattoo,Flex,Diploma,Any Experience,Specific Exp,Net Pay Change,Total Hours,Tenure,RaiseRate,Monthly Hours,Hired,Projected Tenure,Error
1,1,1,0,1,1,1,0%,  93 ,  0.89 ,  -   ,  9 ,Y,1.073307469,  0.19 
2,1,1,0,1,0,0,5%,  120 ,  0.69 ,  0.07 ,  15 ,Y,0.7296867033,  0.04 
3,1,1,0,1,0,0,0%,  79 ,  0.19 ,  -   ,  35 ,Y,0.7296867033,  0.54 
4,1,1,0,1,1,1,15%,  502 ,  1.80 ,  0.08 ,  23 ,Y,1.073307469,  (0.73)
5,1,1,0,1,1,1,5%,  337 ,  0.86 ,  0.06 ,  33 ,Y,1.073307469,  0.21 
6,1,1,1,1,1,1,5%,  61 ,  0.42 ,  0.12 ,  12 ,Y,1.037056976,  0.62 
7,1,1,1,1,1,1,10%,  577 ,  1.54 ,  0.07 ,  31 ,Y,1.037056976,  (0.50)
8,1,1,0,1,1,1,5%,  499 ,  0.96 ,  0.05 ,  43 ,Y,1.073307469,  0.12 
9,1,1,0,0,0,0,0%,  21 ,  0.07 ,  -   ,  27 ,Y,0.2883368364,  0.22 
10,1,1,1,1,1,1,15%,  841 ,  2.18 ,  0.07 ,  32 ,Y,1.037056976,  (1.14)
11,1,1,0,1,1,1,20%,  815 ,  2.12 ,  0.09 ,  32 ,Y,1.073307469,  (1.05)
12,1,1,1,1,1,0,5%,  328 ,  0.58 ,  0.09 ,  47 ,Y,0.600890333,  0.02 
13,1,1,1,1,1,0,0%,  59 ,  0.22 ,  -   ,  22 ,Y,0.600890333,  0.38 
14,1,1,1,1,1,1,10%,  636 ,  1.21 ,  0.08 ,  44 ,Y,1.037056976,  (0.17)
15,1,1,1,1,1,1,0%,  560 ,  1.42 ,  -   ,  33 ,Y,1.037056976,  (0.38)
16,1,1,1,0,0,0,0%,  125 ,  0.56 ,  -   ,  18 ,Y,0.252086343,  (0.31)
17,1,1,1,1,1,0,5%,  88 ,  0.74 ,  0.07 ,  10 ,Y,0.600890333,  (0.14)
18,1,1,0,1,1,1,0%,  153 ,  0.35 ,  -   ,  37 ,Y,1.073307469,  0.73 
19,1,1,1,1,1,1,0%,  13 ,  0.05 ,  -   ,  24 ,Y,1.037056976,  0.99 
20,1,1,1,1,0,0,5%,  439 ,  0.93 ,  0.05 ,  40 ,Y,0.6934362098,  (0.23)
21,1,1,0,1,1,1,15%,  233 ,  1.53 ,  0.10 ,  13 ,Y,1.073307469,  (0.46)
22,1,1,0,0,1,0,0%,  89 ,  0.28 ,  -   ,  26 ,Y,0.1957909596,  (0.09)
23,1,1,0,1,1,1,5%,  165 ,  0.46 ,  0.11 ,  30 ,Y,1.073307469,  0.62 
24,1,1,0,0,1,1,0%,  44 ,  0.15 ,  -   ,  24 ,Y,0.6319576026,  0.48 
25,1,1,0,1,0,0,0%,  192 ,  0.54 ,  -   ,  29 ,Y,0.7296867033,  0.19 
26,1,1,0,1,0,0,5%,  112 ,  0.33 ,  0.15 ,  29 ,Y,0.7296867033,  0.40 
27,1,1,0,1,0,0,5%,  57 ,  0.43 ,  0.12 ,  11 ,Y,0.7296867033,  0.30 
28,1,1,1,1,1,0,0%,  45 ,  0.08 ,  -   ,  47 ,Y,0.600890333,  0.52 
29,1,1,1,1,0,0,5%,  362 ,  0.94 ,  0.05 ,  32 ,Y,0.6934362098,  (0.24)
30,1,1,1,1,1,0,5%,  91 ,  0.79 ,  0.06 ,  10 ,Y,0.600890333,  (0.19)
31,1,1,1,1,1,1,5%,  178 ,  0.68 ,  0.07 ,  22 ,Y,1.037056976,  0.36 
32,1,1,0,0,1,1,0%,  88 ,  0.19 ,  -   ,  39 ,Y,0.6319576026,  0.44 
33,1,1,1,1,0,0,10%,  196 ,  1.71 ,  0.06 ,  10 ,Y,0.6934362098,  (1.02)
34,1,1,0,1,1,1,0%,  737 ,  1.76 ,  -   ,  35 ,Y,1.073307469,  (0.68)
35,1,1,1,0,0,0,0%,  14 ,  0.05 ,  -   ,  24 ,Y,0.252086343,  0.20 
36,1,1,1,1,1,1,5%,  121 ,  0.71 ,  0.07 ,  14 ,Y,1.037056976,  0.33 
37,1,1,0,1,1,1,10%,  895 ,  1.77 ,  0.06 ,  42 ,Y,1.073307469,  (0.69)
38,1,1,1,0,0,0,0%,  99 ,  0.29 ,  -   ,  28 ,Y,0.252086343,  (0.04)
39,1,1,1,1,0,0,0%,  28 ,  0.10 ,  -   ,  22 ,Y,0.6934362098,  0.59 
40,1,1,1,1,1,0,15%,  484 ,  1.69 ,  0.09 ,  24 ,Y,0.600890333,  (1.09)
41,1,1,0,0,1,1,0%,  1 ,  0.00 ,  -   ,  37 ,Y,0.6319576026,  0.63 
42,1,1,1,0,1,1,0%,  46 ,  0.12 ,  -   ,  33 ,Y,0.5957071092,  0.48 
43,1,1,1,1,1,1,5%,  552 ,  1.18 ,  0.04 ,  39 ,Y,1.037056976,  (0.14)
44,1,1,1,1,0,0,10%,  483 ,  1.31 ,  0.08 ,  31 ,Y,0.6934362098,  (0.62)
45,1,1,1,1,0,0,10%,  132 ,  1.11 ,  0.09 ,  10 ,Y,0.6934362098,  (0.42)
46,1,1,1,1,0,0,5%,  465 ,  1.26 ,  0.04 ,  31 ,Y,0.6934362098,  (0.57)
47,1,1,1,1,1,1,5%,  740 ,  1.47 ,  0.03 ,  42 ,Y,1.037056976,  (0.44)
48,1,1,0,1,0,0,10%,  382 ,  1.28 ,  0.08 ,  25 ,Y,0.7296867033,  (0.55)
49,1,1,0,0,0,0,0%,  49 ,  0.27 ,  -   ,  15 ,Y,0.2883368364,  0.02 
50,1,1,1,1,1,1,0%,  99 ,  0.25 ,  -   ,  33 ,Y,1.037056976,  0.79 
51,1,1,1,1,1,1,15%,  980 ,  2.17 ,  0.07 ,  38 ,Y,1.037056976,  (1.13)
52,1,1,1,1,1,1,15%,  466 ,  1.72 ,  0.09 ,  23 ,Y,1.037056976,  (0.68)
53,1,1,0,1,1,1,5%,  520 ,  1.00 ,  0.05 ,  43 ,Y,1.073307469,  0.07 
54,1,1,0,1,0,0,0%,  50 ,  0.13 ,  -   ,  32 ,Y,0.7296867033,  0.60 
55,1,1,1,1,1,1,0%,  49 ,  0.35 ,  -   ,  12 ,Y,1.037056976,  0.69 
56,1,1,1,1,0,0,5%,  461 ,  1.00 ,  0.05 ,  38 ,Y,0.6934362098,  (0.31)
57,1,1,0,1,1,1,0%,  51 ,  0.38 ,  -   ,  11 ,Y,1.073307469,  0.70 
58,1,1,0,1,1,1,0%,  98 ,  0.54 ,  -   ,  15 ,Y,1.073307469,  0.53 
59,1,1,0,1,1,0,15%,  162 ,  1.32 ,  0.11 ,  10 ,Y,0.6371408264,  (0.68)
60,1,1,1,1,1,1,15%,  556 ,  1.69 ,  0.09 ,  27 ,Y,1.037056976,  (0.66)
61,1,1,1,1,1,0,5%,  321 ,  1.07 ,  0.05 ,  25 ,Y,0.600890333,  (0.47)
62,1,1,0,1,1,1,0%,  3 ,  0.01 ,  -   ,  16 ,Y,1.073307469,  1.06 
63,1,1,1,1,1,1,15%,  819 ,  1.84 ,  0.08 ,  37 ,Y,1.037056976,  (0.80)
64,1,1,1,1,0,0,5%,  318 ,  0.56 ,  0.09 ,  47 ,Y,0.6934362098,  0.14 
65,1,1,1,1,1,1,10%,  117 ,  0.84 ,  0.12 ,  12 ,Y,1.037056976,  0.20 
66,1,1,1,1,1,1,5%,  514 ,  1.57 ,  0.03 ,  27 ,Y,1.037056976,  (0.53)
67,1,1,0,1,1,0,0%,  115 ,  0.22 ,  -   ,  43 ,Y,0.6371408264,  0.41 
68,1,1,0,0,1,1,0%,  126 ,  0.23 ,  -   ,  45 ,Y,0.6319576026,  0.40 
69,1,1,0,1,1,1,5%,  325 ,  1.77 ,  0.03 ,  15 ,Y,1.073307469,  (0.70)
70,1,1,1,1,1,0,0%,  104 ,  0.26 ,  -   ,  33 ,Y,0.600890333,  0.34 
71,1,1,0,1,1,1,0%,  26 ,  0.14 ,  -   ,  16 ,Y,1.073307469,  0.94 
72,1,1,0,1,1,1,0%,  76 ,  0.18 ,  -   ,  35 ,Y,1.073307469,  0.89 
73,1,1,0,1,0,0,5%,  166 ,  1.67 ,  0.03 ,  8 ,Y,0.7296867033,  (0.94)
74,1,1,1,1,1,0,0%,  104 ,  0.31 ,  -   ,  28 ,Y,0.600890333,  0.29 
75,1,1,0,1,1,1,0%,  53 ,  0.15 ,  -   ,  30 ,Y,1.073307469,  0.93 
76,1,1,1,1,1,0,0%,  222 ,  0.47 ,  -   ,  40 ,Y,0.600890333,  0.14 
77,1,1,0,1,0,0,0%,  490 ,  1.80 ,  -   ,  23 ,Y,0.7296867033,  (1.08)
78,1,1,1,1,0,0,5%,  181 ,  0.74 ,  0.07 ,  20 ,Y,0.6934362098,  (0.05)
79,1,1,0,1,1,1,5%,  185 ,  0.36 ,  0.14 ,  43 ,Y,1.073307469,  0.71 
80,1,1,0,0,0,0,0%,  64 ,  0.18 ,  -   ,  29 ,Y,0.2883368364,  0.11 
81,1,1,0,1,1,1,10%,  725 ,  2.01 ,  0.05 ,  30 ,Y,1.073307469,  (0.94)
82,1,1,0,1,0,0,5%,  492 ,  1.20 ,  0.04 ,  34 ,Y,0.7296867033,  (0.47)
83,1,1,1,0,1,0,0%,  12 ,  0.09 ,  -   ,  12 ,Y,0.1595404661,  0.07 
84,1,1,0,1,1,1,10%,  678 ,  1.20 ,  0.08 ,  47 ,Y,1.073307469,  (0.13)
85,1,1,0,1,1,1,5%,  842 ,  1.49 ,  0.03 ,  47 ,Y,1.073307469,  (0.42)
86,1,1,1,1,1,1,15%,  556 ,  1.34 ,  0.11 ,  35 ,Y,1.037056976,  (0.30)
87,1,1,0,1,1,1,5%,  84 ,  0.66 ,  0.08 ,  11 ,Y,1.073307469,  0.41 
88,1,1,1,1,1,1,10%,  812 ,  1.61 ,  0.06 ,  42 ,Y,1.037056976,  (0.57)
89,1,1,1,0,1,1,0%,  255 ,  0.54 ,  -   ,  39 ,Y,0.5957071092,  0.06 
90,1,1,1,0,0,0,0%,  12 ,  0.05 ,  -   ,  21 ,Y,0.252086343,  0.20 
91,1,1,1,1,1,1,0%,  12 ,  0.02 ,  -   ,  47 ,Y,1.037056976,  1.02 
92,1,1,1,1,1,0,0%,  356 ,  0.72 ,  -   ,  41 ,Y,0.600890333,  (0.11)
93,1,1,0,1,0,0,5%,  270 ,  0.70 ,  0.07 ,  32 ,Y,0.7296867033,  0.03 
94,1,1,0,1,1,1,0%,  282 ,  0.50 ,  -   ,  47 ,Y,1.073307469,  0.57 
95,1,1,1,1,1,1,0%,  11 ,  0.04 ,  -   ,  25 ,Y,1.037056976,  1.00 
96,1,1,0,1,1,1,0%,  23 ,  0.04 ,  -   ,  45 ,Y,1.073307469,  1.03 
97,1,1,1,1,0,0,0%,  32 ,  0.12 ,  -   ,  22 ,Y,0.6934362098,  0.57 
98,1,1,0,1,0,0,0%,  7 ,  0.02 ,  -   ,  29 ,Y,0.7296867033,  0.71 
99,1,1,0,1,1,0,0%,  79 ,  0.30 ,  -   ,  22 ,Y,0.6371408264,  0.33 
100,1,1,1,0,0,0,0%,  160 ,  0.37 ,  -   ,  36 ,Y,0.252086343,  (0.12)
101,1,1,1,1,0,0,5%,  87 ,  0.62 ,  0.08 ,  12 ,Y,0.6934362098,  0.08 
102,1,1,0,1,0,0,5%,  307 ,  0.65 ,  0.08 ,  40 ,Y,0.7296867033,  0.08 
103,1,1,0,0,1,1,0%,  74 ,  0.76 ,  -   ,  8 ,Y,0.6319576026,  (0.13)
104,1,1,0,1,1,1,10%,  244 ,  0.79 ,  0.13 ,  26 ,Y,1.073307469,  0.28 
105,1,1,0,1,0,0,5%,  249 ,  0.58 ,  0.09 ,  36 ,Y,0.7296867033,  0.15 
106,1,1,0,1,1,1,0%,  56 ,  0.27 ,  -   ,  17 ,Y,1.073307469,  0.81 
107,1,1,1,0,1,1,0%,  29 ,  0.08 ,  -   ,  29 ,Y,0.5957071092,  0.51 
108,1,1,0,1,0,0,5%,  231 ,  1.04 ,  0.05 ,  19 ,Y,0.7296867033,  (0.31)
109,1,1,0,1,1,0,5%,  354 ,  1.65 ,  0.03 ,  18 ,Y,0.6371408264,  (1.01)
110,1,1,1,1,1,1,0%,  51 ,  0.23 ,  -   ,  19 ,Y,1.037056976,  0.81 
111,1,1,1,1,1,1,15%,  834 ,  2.23 ,  0.07 ,  31 ,Y,1.037056976,  (1.19)
112,1,1,0,1,1,1,0%,  121 ,  0.34 ,  -   ,  29 ,Y,1.073307469,  0.73 
113,1,1,0,1,0,0,5%,  252 ,  0.52 ,  0.10 ,  41 ,Y,0.7296867033,  0.21 
114,1,1,0,0,1,0,0%,  34 ,  0.09 ,  -   ,  30 ,Y,0.1957909596,  0.10 
115,1,1,1,1,0,0,0%,  93 ,  0.72 ,  -   ,  11 ,Y,0.6934362098,  (0.03)
116,1,1,1,1,0,0,5%,  140 ,  0.34 ,  0.15 ,  35 ,Y,0.6934362098,  0.36 
117,1,1,0,0,0,0,0%,  31 ,  0.13 ,  -   ,  20 ,Y,0.2883368364,  0.16 
118,1,1,1,1,0,0,0%,  4 ,  0.01 ,  -   ,  46 ,Y,0.6934362098,  0.69 
119,1,1,0,1,1,1,0%,  322 ,  0.71 ,  -   ,  38 ,Y,1.073307469,  0.36 
120,1,1,0,1,0,0,5%,  233 ,  0.95 ,  0.05 ,  20 ,Y,0.7296867033,  (0.22)
121,1,1,0,1,0,0,10%,  302 ,  1.12 ,  0.09 ,  22 ,Y,0.7296867033,  (0.39)
122,1,1,0,1,1,0,0%,  15 ,  0.03 ,  -   ,  37 ,Y,0.6371408264,  0.60 
123,1,1,0,0,1,1,0%,  22 ,  0.16 ,  -   ,  11 ,Y,0.6319576026,  0.47 
124,1,1,1,1,0,0,5%,  277 ,  0.51 ,  0.10 ,  45 ,Y,0.6934362098,  0.18 
125,1,1,0,1,0,0,10%,  215 ,  1.71 ,  0.06 ,  10 ,Y,0.7296867033,  (0.98)
126,1,1,0,0,0,0,0%,  45 ,  0.26 ,  -   ,  15 ,Y,0.2883368364,  0.03 
127,1,1,1,1,1,1,5%,  561 ,  1.02 ,  0.05 ,  46 ,Y,1.037056976,  0.01 
128,1,1,1,1,1,1,0%,  22 ,  0.19 ,  -   ,  10 ,Y,1.037056976,  0.85 
129,1,1,1,1,1,0,5%,  279 ,  0.91 ,  0.05 ,  26 ,Y,0.600890333,  (0.31)
130,1,1,0,0,0,0,0%,  460 ,  1.54 ,  -   ,  25 ,Y,0.2883368364,  (1.25)
131,1,1,0,1,1,1,10%,  427 ,  2.31 ,  0.04 ,  15 ,Y,1.073307469,  (1.24)
132,1,1,0,1,0,0,0%,  15 ,  0.09 ,  -   ,  15 ,Y,0.7296867033,  0.64 
133,1,1,0,0,0,0,0%,  172 ,  0.30 ,  -   ,  48 ,Y,0.2883368364,  (0.01)
134,1,1,1,1,0,0,0%,  65 ,  0.20 ,  -   ,  27 ,Y,0.6934362098,  0.50 
135,1,1,0,1,1,1,5%,  594 ,  1.04 ,  0.05 ,  47 ,Y,1.073307469,  0.03 
136,1,1,1,1,1,1,0%,  10 ,  0.02 ,  -   ,  37 ,Y,1.037056976,  1.01 
137,1,1,1,1,0,0,5%,  158 ,  1.07 ,  0.05 ,  12 ,Y,0.6934362098,  (0.37)
138,1,1,1,0,1,1,0%,  604 ,  1.24 ,  -   ,  41 ,Y,0.5957071092,  (0.64)
139,1,1,0,1,1,1,5%,  261 ,  1.60 ,  0.03 ,  14 ,Y,1.073307469,  (0.52)
140,1,1,1,1,1,0,10%,  148 ,  1.31 ,  0.08 ,  9 ,Y,0.600890333,  (0.71)
141,1,1,0,1,0,0,10%,  412 ,  1.52 ,  0.07 ,  23 ,Y,0.7296867033,  (0.79)
142,1,1,1,1,1,0,5%,  56 ,  0.26 ,  0.20 ,  18 ,Y,0.600890333,  0.35 
143,1,1,1,1,0,0,0%,  9 ,  0.02 ,  -   ,  33 ,Y,0.6934362098,  0.67 
144,1,1,1,1,1,1,5%,  933 ,  1.67 ,  0.03 ,  47 ,Y,1.037056976,  (0.63)
145,1,1,1,1,0,0,5%,  81 ,  0.45 ,  0.11 ,  15 ,Y,0.6934362098,  0.24 
146,1,1,0,0,0,0,0%,  56 ,  0.11 ,  -   ,  43 ,Y,0.2883368364,  0.18 
147,1,1,0,0,1,1,0%,  802 ,  2.07 ,  -   ,  32 ,Y,0.6319576026,  (1.44)
148,1,1,0,1,1,1,5%,  814 ,  1.43 ,  0.03 ,  47 ,Y,1.073307469,  (0.36)
149,1,1,1,1,0,0,5%,  111 ,  0.79 ,  0.06 ,  12 ,Y,0.6934362098,  (0.10)
150,1,1,0,1,0,0,0%,  22 ,  0.05 ,  -   ,  40 ,Y,0.7296867033,  0.68 
151,1,1,0,0,1,1,0%,  138 ,  0.29 ,  -   ,  40 ,Y,0.6319576026,  0.34 
152,1,1,1,1,1,1,0%,  48 ,  0.19 ,  -   ,  21 ,Y,1.037056976,  0.85 
153,1,1,0,1,1,1,5%,  276 ,  0.86 ,  0.06 ,  27 ,Y,1.073307469,  0.22 
154,1,1,0,1,1,1,5%,  308 ,  1.63 ,  0.03 ,  16 ,Y,1.073307469,  (0.55)
155,1,1,0,1,0,0,0%,  34 ,  0.25 ,  -   ,  11 ,Y,0.7296867033,  0.48 
156,1,1,0,0,0,0,0%,  29 ,  0.06 ,  -   ,  43 ,Y,0.2883368364,  0.23 
157,1,1,1,1,0,0,0%,  478 ,  1.27 ,  -   ,  31 ,Y,0.6934362098,  (0.57)
158,1,1,1,1,0,0,5%,  401 ,  1.13 ,  0.04 ,  30 ,Y,0.6934362098,  (0.43)
159,1,1,0,1,1,0,5%,  260 ,  0.86 ,  0.06 ,  25 ,Y,0.6371408264,  (0.23)
160,1,1,1,1,1,1,0%,  57 ,  0.15 ,  -   ,  31 ,Y,1.037056976,  0.88 
161,1,1,0,1,1,1,5%,  674 ,  1.36 ,  0.04 ,  41 ,Y,1.073307469,  (0.29)
162,1,1,0,1,0,0,0%,  69 ,  0.19 ,  -   ,  30 ,Y,0.7296867033,  0.53 
163,1,1,1,1,1,0,5%,  445 ,  1.06 ,  0.05 ,  35 ,Y,0.600890333,  (0.45)
164,1,1,0,0,0,0,0%,  128 ,  0.24 ,  -   ,  44 ,Y,0.2883368364,  0.05 
165,1,1,0,1,1,0,5%,  173 ,  0.81 ,  0.06 ,  18 ,Y,0.6371408264,  (0.17)
166,1,1,0,0,0,0,0%,  35 ,  0.08 ,  -   ,  35 ,Y,0.2883368364,  0.21 
167,1,1,1,1,1,1,0%,  222 ,  0.67 ,  -   ,  28 ,Y,1.037056976,  0.36 
168,1,1,1,1,0,0,0%,  26 ,  0.08 ,  -   ,  27 ,Y,0.6934362098,  0.61 
169,1,1,1,1,0,0,5%,  325 ,  0.78 ,  0.06 ,  35 ,Y,0.6934362098,  (0.08)
170,1,1,0,1,0,0,5%,  391 ,  1.60 ,  0.03 ,  20 ,Y,0.7296867033,  (0.87)
171,1,1,1,1,0,0,0%,  86 ,  0.15 ,  -   ,  47 ,Y,0.6934362098,  0.54 
172,1,1,1,0,0,0,0%,  88 ,  0.31 ,  -   ,  24 ,Y,0.252086343,  (0.06)
173,1,1,0,1,1,1,5%,  219 ,  0.61 ,  0.08 ,  30 ,Y,1.073307469,  0.46 
174,1,1,1,0,0,0,0%,  39 ,  0.07 ,  -   ,  46 ,Y,0.252086343,  0.18 
175,1,1,1,0,1,0,0%,  112 ,  0.36 ,  -   ,  26 ,Y,0.1595404661,  (0.20)
176,1,1,1,1,1,1,10%,  161 ,  1.38 ,  0.07 ,  10 ,Y,1.037056976,  (0.35)
177,1,1,0,0,0,0,0%,  54 ,  0.47 ,  -   ,  10 ,Y,0.2883368364,  (0.19)
178,1,1,1,0,1,1,0%,  173 ,  0.41 ,  -   ,  35 ,Y,0.5957071092,  0.18 
179,1,1,1,1,0,0,5%,  480 ,  1.06 ,  0.05 ,  38 ,Y,0.6934362098,  (0.36)
180,1,1,0,0,1,0,0%,  55 ,  0.14 ,  -   ,  33 ,Y,0.1957909596,  0.06 
181,1,1,1,1,1,1,0%,  564 ,  1.05 ,  -   ,  45 ,Y,1.037056976,  (0.01)
182,1,1,1,0,1,1,0%,  2 ,  0.00 ,  -   ,  38 ,Y,0.5957071092,  0.59 
183,1,1,0,1,1,0,0%,  95 ,  0.38 ,  -   ,  21 ,Y,0.6371408264,  0.25 
184,1,1,0,1,0,0,5%,  433 ,  2.05 ,  0.02 ,  18 ,Y,0.7296867033,  (1.32)
185,1,1,0,0,0,0,0%,  6 ,  0.01 ,  -   ,  47 ,Y,0.2883368364,  0.28 
186,1,1,0,0,0,0,0%,  30 ,  0.10 ,  -   ,  24 ,Y,0.2883368364,  0.18 
187,1,1,1,1,1,1,5%,  87 ,  0.87 ,  0.06 ,  8 ,Y,1.037056976,  0.17 
188,1,1,1,0,0,0,0%,  105 ,  0.33 ,  -   ,  26 ,Y,0.252086343,  (0.08)
189,1,1,0,0,0,0,0%,  3 ,  0.01 ,  -   ,  33 ,Y,0.2883368364,  0.28 
190,1,1,1,0,1,1,0%,  86 ,  0.25 ,  -   ,  28 ,Y,0.5957071092,  0.34 
191,1,1,0,0,0,0,0%,  96 ,  0.35 ,  -   ,  23 ,Y,0.2883368364,  (0.06)
192,1,1,1,1,1,0,0%,  236 ,  0.62 ,  -   ,  32 ,Y,0.600890333,  (0.02)
193,1,1,0,1,0,0,0%,  1 ,  0.00 ,  -   ,  35 ,Y,0.7296867033,  0.73 
194,1,1,0,1,1,1,0%,  177 ,  0.53 ,  -   ,  28 ,Y,1.073307469,  0.54 
195,1,1,0,1,1,0,5%,  209 ,  0.37 ,  0.13 ,  47 ,Y,0.6371408264,  0.26 
196,1,1,1,1,1,1,0%,  25 ,  0.16 ,  -   ,  13 ,Y,1.037056976,  0.88 
197,1,1,1,1,0,0,0%,  10 ,  0.02 ,  -   ,  37 ,Y,0.6934362098,  0.67 
198,1,1,1,1,1,1,0%,  275 ,  0.56 ,  -   ,  41 ,Y,1.037056976,  0.48 
199,1,1,1,0,1,1,0%,  12 ,  0.04 ,  -   ,  28 ,Y,0.5957071092,  0.56 
200,1,1,0,1,1,0,0%,  0 ,  0.00 ,  -   ,  16 ,Y,0.6371408264,  0.64 
201,1,1,1,1,0,0,0%,  91 ,  0.72 ,  -   ,  11 ,Y,0.6934362098,  (0.02)
202,1,1,0,1,0,0,0%,  66 ,  0.48 ,  -   ,  11 ,Y,0.7296867033,  0.25 
203,1,1,0,1,0,0,5%,  151 ,  0.68 ,  0.07 ,  18 ,Y,0.7296867033,  0.05 
204,1,1,0,1,1,0,5%,  42 ,  0.42 ,  0.12 ,  8 ,Y,0.6371408264,  0.21 
205,1,1,0,1,1,1,0%,  412 ,  1.05 ,  -   ,  33 ,Y,1.073307469,  0.02 
206,1,1,0,1,0,0,5%,  337 ,  0.81 ,  0.06 ,  35 ,Y,0.7296867033,  (0.08)
207,1,1,1,1,1,1,10%,"  1,238 ",  2.20 ,  0.05 ,  47 ,Y,1.037056976,  (1.16)
208,1,1,0,1,1,1,0%,  751 ,  1.31 ,  -   ,  48 ,Y,1.073307469,  (0.24)
209,1,1,0,1,1,0,5%,  118 ,  0.65 ,  0.08 ,  15 ,Y,0.6371408264,  (0.02)
210,1,1,1,0,1,0,0%,  55 ,  0.11 ,  -   ,  42 ,Y,0.1595404661,  0.05 
211,1,1,0,1,1,1,10%,  523 ,  0.97 ,  0.10 ,  45 ,Y,1.073307469,  0.11 
212,1,1,1,1,1,1,5%,  211 ,  1.06 ,  0.05 ,  17 ,Y,1.037056976,  (0.03)
213,1,1,1,1,0,0,0%,  29 ,  0.08 ,  -   ,  31 ,Y,0.6934362098,  0.61 
214,1,1,1,1,1,1,0%,  140 ,  0.27 ,  -   ,  43 ,Y,1.037056976,  0.76 
215,1,1,0,1,1,1,0%,  1 ,  0.00 ,  -   ,  29 ,Y,1.073307469,  1.07 
216,1,1,0,1,1,0,10%,  380 ,  1.03 ,  0.10 ,  31 ,Y,0.6371408264,  (0.39)
217,1,1,1,1,0,0,5%,  107 ,  0.90 ,  0.06 ,  10 ,Y,0.6934362098,  (0.20)
218,1,1,0,1,1,0,0%,  193 ,  0.50 ,  -   ,  32 ,Y,0.6371408264,  0.14 
219,1,1,1,1,1,1,5%,"  1,207 ",  2.16 ,  0.02 ,  47 ,Y,1.037056976,  (1.12)
220,1,1,1,1,1,1,5%,  373 ,  0.78 ,  0.06 ,  40 ,Y,1.037056976,  0.26 
221,1,1,1,1,1,1,5%,"  1,555 ",  2.81 ,  0.02 ,  46 ,Y,1.037056976,  (1.77)
222,1,1,1,1,1,1,0%,  362 ,  0.79 ,  -   ,  38 ,Y,1.037056976,  0.25 
223,1,1,1,0,1,1,0%,  130 ,  0.31 ,  -   ,  35 ,Y,0.5957071092,  0.29 
224,1,1,0,1,1,1,5%,  972 ,  1.91 ,  0.03 ,  43 ,Y,1.073307469,  (0.83)
225,1,1,1,1,0,0,0%,  5 ,  0.01 ,  -   ,  32 ,Y,0.6934362098,  0.68 
226,1,1,1,1,1,1,15%,  926 ,  1.70 ,  0.09 ,  45 ,Y,1.037056976,  (0.67)
227,1,1,1,1,0,0,0%,  1 ,  0.00 ,  -   ,  12 ,Y,0.6934362098,  0.69 
228,1,1,0,1,1,1,5%,  220 ,  0.77 ,  0.07 ,  24 ,Y,1.073307469,  0.31 
229,1,1,1,1,0,0,5%,  163 ,  0.30 ,  0.17 ,  45 ,Y,0.6934362098,  0.39 
230,1,1,1,1,1,1,5%,  97 ,  0.77 ,  0.07 ,  11 ,Y,1.037056976,  0.27 
231,1,1,1,1,1,0,0%,  121 ,  0.37 ,  -   ,  27 ,Y,0.600890333,  0.23 
232,1,1,1,0,1,0,0%,  201 ,  0.65 ,  -   ,  26 ,Y,0.1595404661,  (0.49)
233,1,1,1,0,1,1,0%,  706 ,  1.28 ,  -   ,  46 ,Y,0.5957071092,  (0.68)
234,1,1,0,1,1,1,5%,  797 ,  1.87 ,  0.03 ,  36 ,Y,1.073307469,  (0.79)
235,1,1,1,1,1,0,5%,  356 ,  1.00 ,  0.05 ,  30 ,Y,0.600890333,  (0.40)
236,1,1,1,1,1,1,5%,  965 ,  1.69 ,  0.03 ,  48 ,Y,1.037056976,  (0.65)
237,1,1,1,1,1,0,0%,  39 ,  0.13 ,  -   ,  24 ,Y,0.600890333,  0.47 
238,1,1,0,1,1,1,5%,  268 ,  0.73 ,  0.07 ,  31 ,Y,1.073307469,  0.34 
239,1,1,1,0,1,1,0%,  8 ,  0.02 ,  -   ,  42 ,Y,0.5957071092,  0.58 
240,1,1,1,1,1,1,10%,  730 ,  1.28 ,  0.08 ,  48 ,Y,1.037056976,  (0.24)
241,1,1,1,1,1,0,5%,  60 ,  0.50 ,  0.10 ,  10 ,Y,0.600890333,  0.10 
242,1,1,0,0,1,1,0%,  24 ,  0.08 ,  -   ,  26 ,Y,0.6319576026,  0.55 
243,1,1,1,1,1,1,15%,  709 ,  1.28 ,  0.12 ,  46 ,Y,1.037056976,  (0.24)
244,1,1,0,0,0,0,0%,  107 ,  0.30 ,  -   ,  30 ,Y,0.2883368364,  (0.01)
245,1,1,0,0,0,0,0%,  13 ,  0.04 ,  -   ,  27 ,Y,0.2883368364,  0.25 
246,1,1,1,1,1,1,0%,  15 ,  0.06 ,  -   ,  23 ,Y,1.037056976,  0.98 
247,1,1,1,0,1,0,0%,  12 ,  0.04 ,  -   ,  24 ,Y,0.1595404661,  0.12 
248,1,1,0,0,1,1,0%,  721 ,  1.45 ,  -   ,  42 ,Y,0.6319576026,  (0.82)
249,1,1,0,1,1,1,0%,  26 ,  0.08 ,  -   ,  26 ,Y,1.073307469,  0.99 
250,1,1,0,1,0,0,5%,  90 ,  0.37 ,  0.13 ,  20 ,Y,0.7296867033,  0.36 
251,1,1,1,1,1,0,5%,  257 ,  0.47 ,  0.11 ,  46 ,Y,0.600890333,  0.13 
252,1,1,0,1,1,1,10%,  546 ,  1.28 ,  0.08 ,  36 ,Y,1.073307469,  (0.21)
253,1,1,0,1,0,0,15%,  404 ,  2.36 ,  0.06 ,  14 ,Y,0.7296867033,  (1.63)
254,1,1,0,1,1,1,5%,  507 ,  1.72 ,  0.03 ,  25 ,Y,1.073307469,  (0.64)
255,1,1,1,1,1,1,10%,  560 ,  1.56 ,  0.06 ,  30 ,Y,1.037056976,  (0.52)
256,1,1,1,0,1,1,0%,  203 ,  0.43 ,  -   ,  39 ,Y,0.5957071092,  0.17 
257,1,1,0,1,1,1,15%,"  1,283 ",  2.67 ,  0.06 ,  40 ,Y,1.073307469,  (1.60)
258,1,1,0,1,1,1,5%,  227 ,  0.57 ,  0.09 ,  33 ,Y,1.073307469,  0.50 
259,1,1,1,1,1,0,5%,  175 ,  0.33 ,  0.15 ,  44 ,Y,0.600890333,  0.27 
260,1,1,1,1,1,1,0%,  138 ,  0.24 ,  -   ,  47 ,Y,1.037056976,  0.79 
261,1,1,0,1,1,1,0%,  126 ,  0.26 ,  -   ,  40 ,Y,1.073307469,  0.81 
262,1,1,0,0,1,1,0%,  118 ,  0.25 ,  -   ,  39 ,Y,0.6319576026,  0.38 
263,1,1,1,1,1,0,0%,  91 ,  0.44 ,  -   ,  17 ,Y,0.600890333,  0.16 
264,1,1,1,0,0,0,0%,  73 ,  0.18 ,  -   ,  35 ,Y,0.252086343,  0.08 
265,1,1,1,1,1,1,10%,  486 ,  1.09 ,  0.09 ,  37 ,Y,1.037056976,  (0.05)
266,1,1,1,1,1,1,5%,  551 ,  1.28 ,  0.04 ,  36 ,Y,1.037056976,  (0.24)
267,1,1,0,0,0,0,0%,  0 ,  0.00 ,  -   ,  26 ,Y,0.2883368364,  0.29 
268,1,1,0,1,1,0,5%,  275 ,  0.74 ,  0.07 ,  31 ,Y,0.6371408264,  (0.10)
269,1,1,1,1,0,0,10%,  496 ,  1.03 ,  0.10 ,  40 ,Y,0.6934362098,  (0.34)
270,1,1,0,1,1,1,5%,  338 ,  0.88 ,  0.06 ,  32 ,Y,1.073307469,  0.20 
271,1,1,0,1,1,0,0%,  1 ,  0.00 ,  -   ,  13 ,Y,0.6371408264,  0.63 
272,1,1,0,1,1,1,0%,  707 ,  2.54 ,  -   ,  23 ,Y,1.073307469,  (1.47)
273,1,1,1,1,1,1,0%,  95 ,  0.19 ,  -   ,  42 ,Y,1.037056976,  0.85 
274,1,1,1,1,0,0,5%,  104 ,  0.51 ,  0.10 ,  17 ,Y,0.6934362098,  0.19 
275,1,1,1,1,0,0,0%,  23 ,  0.10 ,  -   ,  19 ,Y,0.6934362098,  0.59 
276,1,1,1,1,1,1,0%,  120 ,  0.30 ,  -   ,  34 ,Y,1.037056976,  0.74 
277,1,1,0,1,0,0,0%,  14 ,  0.04 ,  -   ,  29 ,Y,0.7296867033,  0.69 
278,1,1,1,1,0,0,5%,  474 ,  0.85 ,  0.06 ,  46 ,Y,0.6934362098,  (0.16)
279,1,1,0,1,0,0,10%,  282 ,  0.98 ,  0.10 ,  24 ,Y,0.7296867033,  (0.25)
280,1,1,0,0,0,0,0%,  108 ,  0.31 ,  -   ,  29 ,Y,0.2883368364,  (0.02)
281,1,1,0,0,0,0,0%,  169 ,  0.31 ,  -   ,  45 ,Y,0.2883368364,  (0.03)
282,1,1,0,1,1,1,5%,  811 ,  1.56 ,  0.03 ,  43 ,Y,1.073307469,  (0.49)
283,1,1,0,1,0,0,5%,  220 ,  0.56 ,  0.09 ,  33 ,Y,0.7296867033,  0.17 
284,1,1,1,1,0,0,0%,  135 ,  1.19 ,  -   ,  9 ,Y,0.6934362098,  (0.49)
285,1,1,1,1,0,0,5%,  384 ,  1.08 ,  0.05 ,  30 ,Y,0.6934362098,  (0.39)
286,1,1,0,0,0,0,0%,  363 ,  0.82 ,  -   ,  37 ,Y,0.2883368364,  (0.53)
287,1,1,0,1,1,0,0%,  40 ,  0.26 ,  -   ,  13 ,Y,0.6371408264,  0.38 
288,1,1,0,1,1,1,15%,"  1,383 ",  2.68 ,  0.06 ,  43 ,Y,1.073307469,  (1.60)
289,1,1,1,1,1,1,0%,  148 ,  0.27 ,  -   ,  46 ,Y,1.037056976,  0.77 
290,1,1,1,1,1,1,10%,  573 ,  1.11 ,  0.09 ,  43 ,Y,1.037056976,  (0.08)
291,1,1,1,1,0,0,0%,  2 ,  0.01 ,  -   ,  17 ,Y,0.6934362098,  0.68 
292,1,1,1,1,0,0,15%,  259 ,  2.48 ,  0.06 ,  9 ,Y,0.6934362098,  (1.78)
293,1,1,0,1,0,0,5%,  359 ,  0.64 ,  0.08 ,  47 ,Y,0.7296867033,  0.09 
294,1,1,1,1,1,1,5%,  404 ,  0.76 ,  0.07 ,  44 ,Y,1.037056976,  0.27 
295,1,1,0,1,0,0,5%,  208 ,  0.66 ,  0.08 ,  26 ,Y,0.7296867033,  0.07 
296,1,1,0,1,0,0,5%,  255 ,  0.79 ,  0.06 ,  27 ,Y,0.7296867033,  (0.06)
297,1,1,1,1,0,0,0%,  23 ,  0.14 ,  -   ,  13 ,Y,0.6934362098,  0.55 
298,1,1,0,1,0,0,0%,  86 ,  0.20 ,  -   ,  35 ,Y,0.7296867033,  0.53 
299,1,1,1,1,0,0,0%,  120 ,  0.28 ,  -   ,  35 ,Y,0.6934362098,  0.41 
300,1,1,0,1,0,0,5%,  299 ,  0.62 ,  0.08 ,  40 ,Y,0.7296867033,  0.11 
301,1,1,1,1,1,0,0%,  47 ,  0.16 ,  -   ,  25 ,Y,0.600890333,  0.44 
302,1,1,1,1,1,0,0%,  8 ,  0.04 ,  -   ,  17 ,Y,0.600890333,  0.56 
303,1,1,1,1,1,1,15%,  423 ,  1.87 ,  0.08 ,  19 ,Y,1.037056976,  (0.83)
304,1,1,1,0,1,0,0%,  17 ,  0.05 ,  -   ,  27 ,Y,0.1595404661,  0.11 
305,1,1,1,0,0,0,0%,  130 ,  1.29 ,  -   ,  8 ,Y,0.252086343,  (1.04)
306,1,1,1,1,1,1,0%,  121 ,  0.51 ,  -   ,  20 ,Y,1.037056976,  0.53 
307,1,1,0,1,1,1,5%,"  1,281 ",  2.67 ,  0.02 ,  40 ,Y,1.073307469,  (1.60)
308,1,1,1,0,0,0,0%,  168 ,  0.42 ,  -   ,  33 ,Y,0.252086343,  (0.17)
309,1,1,0,1,1,0,0%,  62 ,  0.27 ,  -   ,  19 ,Y,0.6371408264,  0.37 
310,1,1,0,0,1,0,0%,  82 ,  0.26 ,  -   ,  26 ,Y,0.1957909596,  (0.06)
311,1,1,1,0,1,1,0%,  3 ,  0.01 ,  -   ,  41 ,Y,0.5957071092,  0.59 
312,1,1,1,1,1,1,5%,  780 ,  1.50 ,  0.03 ,  43 ,Y,1.037056976,  (0.46)
313,1,1,0,1,1,0,5%,  62 ,  0.39 ,  0.13 ,  13 ,Y,0.6371408264,  0.25 
314,1,1,0,1,1,1,0%,  104 ,  0.26 ,  -   ,  33 ,Y,1.073307469,  0.81 
315,1,1,1,1,1,1,15%,  728 ,  2.28 ,  0.07 ,  27 ,Y,1.037056976,  (1.24)
316,1,1,0,1,0,0,0%,  8 ,  0.04 ,  -   ,  17 ,Y,0.7296867033,  0.69 
317,1,1,1,1,0,0,5%,  329 ,  1.95 ,  0.03 ,  14 ,Y,0.6934362098,  (1.26)
318,1,1,1,1,1,1,5%,  244 ,  1.28 ,  0.04 ,  16 ,Y,1.037056976,  (0.24)
319,1,1,0,1,1,1,15%,  530 ,  1.70 ,  0.09 ,  26 ,Y,1.073307469,  (0.62)
320,1,1,1,1,1,1,10%,  120 ,  1.23 ,  0.08 ,  8 ,Y,1.037056976,  (0.19)
321,1,1,1,0,1,0,0%,  68 ,  0.45 ,  -   ,  13 ,Y,0.1595404661,  (0.29)
322,1,1,0,1,0,0,5%,  266 ,  0.54 ,  0.09 ,  41 ,Y,0.7296867033,  0.19 
323,1,1,0,1,0,0,5%,  256 ,  0.50 ,  0.10 ,  43 ,Y,0.7296867033,  0.23 
324,1,1,1,0,1,1,0%,  84 ,  0.21 ,  -   ,  34 ,Y,0.5957071092,  0.39 
325,1,1,0,0,1,0,0%,  172 ,  1.34 ,  -   ,  11 ,Y,0.1957909596,  (1.15)
326,1,1,1,0,1,0,0%,  77 ,  0.20 ,  -   ,  31 ,Y,0.1595404661,  (0.05)
327,1,1,1,1,1,0,0%,  119 ,  0.42 ,  -   ,  24 ,Y,0.600890333,  0.18 
328,1,1,1,1,1,1,10%,  653 ,  1.15 ,  0.09 ,  47 ,Y,1.037056976,  (0.11)
329,1,1,1,1,1,1,15%,  544 ,  1.48 ,  0.10 ,  31 ,Y,1.037056976,  (0.44)
330,1,1,1,1,1,0,5%,  102 ,  0.59 ,  0.09 ,  15 ,Y,0.600890333,  0.01 
331,1,1,1,0,0,0,0%,  44 ,  0.09 ,  -   ,  39 ,Y,0.252086343,  0.16 
332,1,1,1,1,1,0,5%,  138 ,  0.42 ,  0.12 ,  28 ,Y,0.600890333,  0.18 
333,1,1,1,0,1,0,0%,  189 ,  0.43 ,  -   ,  36 ,Y,0.1595404661,  (0.27)
334,1,1,0,1,1,0,0%,  122 ,  0.23 ,  -   ,  44 ,Y,0.6371408264,  0.40 
335,1,1,1,1,1,1,0%,  122 ,  0.24 ,  -   ,  42 ,Y,1.037056976,  0.79 
336,1,1,1,1,0,0,10%,  422 ,  1.18 ,  0.08 ,  30 ,Y,0.6934362098,  (0.49)
337,1,1,0,1,1,1,5%,  588 ,  2.24 ,  0.02 ,  22 ,Y,1.073307469,  (1.17)
338,1,1,0,1,1,0,0%,  55 ,  0.19 ,  -   ,  24 ,Y,0.6371408264,  0.44 
339,1,1,1,1,1,1,5%,  41 ,  0.37 ,  0.13 ,  9 ,Y,1.037056976,  0.66 
340,1,1,1,1,1,1,10%,"  1,068 ",  2.17 ,  0.05 ,  41 ,Y,1.037056976,  (1.13)
341,1,1,0,1,1,1,5%,  371 ,  1.31 ,  0.04 ,  24 ,Y,1.073307469,  (0.24)
342,1,1,1,1,1,1,0%,  12 ,  0.08 ,  -   ,  12 ,Y,1.037056976,  0.96 
343,1,1,0,1,0,0,5%,  248 ,  0.55 ,  0.09 ,  38 ,Y,0.7296867033,  0.18 
344,1,1,1,0,1,1,0%,  80 ,  0.58 ,  -   ,  11 ,Y,0.5957071092,  0.01 
345,1,1,1,0,0,0,0%,  7 ,  0.01 ,  -   ,  44 ,Y,0.252086343,  0.24 
346,1,1,0,1,0,0,5%,  95 ,  0.41 ,  0.12 ,  19 ,Y,0.7296867033,  0.31 
347,1,1,1,0,1,1,0%,  21 ,  0.07 ,  -   ,  26 ,Y,0.5957071092,  0.53 
348,1,1,0,0,1,1,0%,  85 ,  0.16 ,  -   ,  44 ,Y,0.6319576026,  0.47 
349,1,1,1,1,0,0,10%,  263 ,  1.20 ,  0.08 ,  18 ,Y,0.6934362098,  (0.50)
350,1,1,0,0,1,0,0%,  199 ,  0.78 ,  -   ,  21 ,Y,0.1957909596,  (0.58)
351,1,1,1,1,1,1,10%,  340 ,  1.10 ,  0.09 ,  26 ,Y,1.037056976,  (0.07)
352,1,1,1,1,1,1,0%,  188 ,  0.72 ,  -   ,  22 ,Y,1.037056976,  0.31 
353,1,1,0,1,1,1,15%,  530 ,  1.70 ,  0.09 ,  26 ,Y,1.073307469,  (0.63)
354,1,1,1,1,1,1,5%,  121 ,  1.07 ,  0.05 ,  9 ,Y,1.037056976,  (0.04)
355,1,1,1,1,1,0,5%,  191 ,  0.55 ,  0.09 ,  29 ,Y,0.600890333,  0.05 
356,1,1,0,1,1,1,5%,  307 ,  0.61 ,  0.08 ,  42 ,Y,1.073307469,  0.46 
357,1,1,1,1,1,1,10%,  448 ,  1.06 ,  0.09 ,  35 ,Y,1.037056976,  (0.02)
358,1,1,1,0,1,1,0%,  64 ,  0.22 ,  -   ,  24 ,Y,0.5957071092,  0.37 
359,1,1,1,1,1,1,15%,  253 ,  2.21 ,  0.07 ,  10 ,Y,1.037056976,  (1.18)
360,1,1,1,1,1,1,5%,  64 ,  0.44 ,  0.11 ,  12 ,Y,1.037056976,  0.59 
361,1,1,0,1,1,1,15%,  751 ,  2.39 ,  0.06 ,  26 ,Y,1.073307469,  (1.31)
362,1,1,1,1,1,1,5%,  178 ,  0.69 ,  0.07 ,  22 ,Y,1.037056976,  0.35 
363,1,1,0,0,1,1,0%,  6 ,  0.03 ,  -   ,  16 ,Y,0.6319576026,  0.60 
364,1,1,0,1,0,0,5%,  174 ,  0.67 ,  0.07 ,  22 ,Y,0.7296867033,  0.06 
365,1,1,0,1,1,1,15%,  541 ,  2.20 ,  0.07 ,  21 ,Y,1.073307469,  (1.12)
366,1,1,0,1,1,1,0%,  543 ,  1.13 ,  -   ,  40 ,Y,1.073307469,  (0.06)
367,1,1,1,1,1,1,0%,  190 ,  0.44 ,  -   ,  36 ,Y,1.037056976,  0.60 
368,1,1,1,1,1,0,5%,  176 ,  0.61 ,  0.08 ,  24 ,Y,0.600890333,  (0.01)
369,1,1,0,1,1,1,0%,  43 ,  0.10 ,  -   ,  35 ,Y,1.073307469,  0.97 
370,1,1,0,1,0,0,5%,  290 ,  0.54 ,  0.09 ,  45 ,Y,0.7296867033,  0.19 
371,1,1,1,0,1,0,0%,  5 ,  0.04 ,  -   ,  11 ,Y,0.1595404661,  0.12 
372,1,1,0,0,1,1,0%,  199 ,  0.39 ,  -   ,  43 ,Y,0.6319576026,  0.24 
373,1,1,0,1,0,0,0%,  27 ,  0.05 ,  -   ,  43 ,Y,0.7296867033,  0.68 
374,1,1,1,1,1,1,25%,  776 ,  2.40 ,  0.10 ,  27 ,Y,1.037056976,  (1.36)
375,1,1,0,1,1,1,5%,  533 ,  1.50 ,  0.03 ,  30 ,Y,1.073307469,  (0.42)
376,1,1,1,1,1,1,15%,  823 ,  2.38 ,  0.06 ,  29 ,Y,1.037056976,  (1.34)
377,1,1,1,1,0,0,0%,  433 ,  0.91 ,  -   ,  40 ,Y,0.6934362098,  (0.22)
378,1,1,0,1,0,0,5%,  367 ,  0.86 ,  0.06 ,  36 ,Y,0.7296867033,  (0.13)
379,1,1,0,1,1,1,5%,  667 ,  1.56 ,  0.03 ,  36 ,Y,1.073307469,  (0.49)
380,1,1,0,1,1,1,5%,  77 ,  0.49 ,  0.10 ,  13 ,Y,1.073307469,  0.59 
381,1,1,0,1,1,1,15%,  883 ,  2.00 ,  0.07 ,  37 ,Y,1.073307469,  (0.93)
382,1,1,0,1,0,0,0%,  196 ,  0.40 ,  -   ,  40 ,Y,0.7296867033,  0.33 
383,1,1,1,0,1,1,0%,  180 ,  0.47 ,  -   ,  32 ,Y,0.5957071092,  0.13 
384,1,1,1,1,1,0,0%,  220 ,  1.89 ,  -   ,  10 ,Y,0.600890333,  (1.29)
385,1,1,0,1,1,0,0%,  75 ,  0.18 ,  -   ,  36 ,Y,0.6371408264,  0.46 
386,1,1,1,1,0,0,0%,  44 ,  0.11 ,  -   ,  35 ,Y,0.6934362098,  0.59 
387,1,1,0,1,1,0,0%,  159 ,  1.21 ,  -   ,  11 ,Y,0.6371408264,  (0.57)
388,1,1,0,1,1,0,5%,  440 ,  1.31 ,  0.04 ,  28 ,Y,0.6371408264,  (0.68)
389,1,1,0,1,1,1,5%,  56 ,  0.51 ,  0.10 ,  9 ,Y,1.073307469,  0.56 
390,1,1,1,1,1,1,15%,  363 ,  1.51 ,  0.10 ,  20 ,Y,1.037056976,  (0.47)
391,1,1,0,1,0,0,5%,  133 ,  0.77 ,  0.06 ,  14 ,Y,0.7296867033,  (0.04)
392,1,1,1,1,1,1,0%,  284 ,  0.57 ,  -   ,  41 ,Y,1.037056976,  0.47 
393,1,1,1,0,1,1,0%,  239 ,  0.62 ,  -   ,  32 ,Y,0.5957071092,  (0.02)
394,1,1,1,1,1,1,0%,  30 ,  0.11 ,  -   ,  24 ,Y,1.037056976,  0.93 
395,1,1,0,1,1,1,5%,  273 ,  0.53 ,  0.09 ,  43 ,Y,1.073307469,  0.54 
396,1,1,1,1,1,1,15%,  557 ,  1.68 ,  0.09 ,  28 ,Y,1.037056976,  (0.64)
397,1,1,0,0,1,0,0%,  406 ,  0.71 ,  -   ,  48 ,Y,0.1957909596,  (0.51)
398,1,1,0,1,1,1,15%,  671 ,  2.06 ,  0.07 ,  27 ,Y,1.073307469,  (0.98)
399,1,1,0,0,0,0,0%,  66 ,  0.22 ,  -   ,  24 ,Y,0.2883368364,  0.06 
400,1,1,0,0,1,1,0%,  117 ,  0.82 ,  -   ,  12 ,Y,0.6319576026,  (0.19)
401,1,1,0,1,1,0,0%,  50 ,  0.11 ,  -   ,  38 ,Y,0.6371408264,  0.53 
402,1,1,0,0,1,1,0%,  161 ,  0.75 ,  -   ,  18 ,Y,0.6319576026,  (0.12)
403,1,1,1,0,1,1,0%,  15 ,  0.04 ,  -   ,  29 ,Y,0.5957071092,  0.55 
404,1,1,1,1,1,0,5%,  179 ,  1.39 ,  0.04 ,  11 ,Y,0.600890333,  (0.79)
405,1,1,0,1,0,0,5%,  187 ,  0.70 ,  0.07 ,  22 ,Y,0.7296867033,  0.03 
406,1,1,0,1,1,0,5%,  181 ,  0.40 ,  0.12 ,  37 ,Y,0.6371408264,  0.23 
407,1,1,1,0,0,0,0%,  36 ,  0.08 ,  -   ,  36 ,Y,0.252086343,  0.17 
408,1,1,0,1,0,0,10%,  476 ,  0.97 ,  0.10 ,  41 ,Y,0.7296867033,  (0.24)
409,1,1,0,1,1,0,0%,  70 ,  0.17 ,  -   ,  34 ,Y,0.6371408264,  0.46 
410,1,1,1,1,1,1,5%,  394 ,  1.15 ,  0.04 ,  28 ,Y,1.037056976,  (0.12)
411,1,1,1,1,0,0,0%,  327 ,  1.31 ,  -   ,  21 ,Y,0.6934362098,  (0.62)
412,1,1,0,1,1,0,5%,  123 ,  1.19 ,  0.04 ,  9 ,Y,0.6371408264,  (0.55)
413,1,1,0,1,1,1,10%,  750 ,  1.49 ,  0.07 ,  42 ,Y,1.073307469,  (0.41)
414,1,1,0,1,1,1,0%,  17 ,  0.04 ,  -   ,  37 ,Y,1.073307469,  1.04 
415,1,1,1,1,1,1,5%,  309 ,  0.76 ,  0.07 ,  34 ,Y,1.037056976,  0.28 
416,1,1,0,1,0,0,5%,  417 ,  1.01 ,  0.05 ,  35 ,Y,0.7296867033,  (0.28)
417,1,1,1,0,1,0,0%,  72 ,  0.31 ,  -   ,  20 ,Y,0.1595404661,  (0.15)
418,1,1,0,1,1,0,0%,  53 ,  0.12 ,  -   ,  37 ,Y,0.6371408264,  0.52 
419,1,1,0,1,1,1,0%,  59 ,  0.17 ,  -   ,  30 ,Y,1.073307469,  0.91 
420,1,1,0,0,1,1,0%,  77 ,  0.39 ,  -   ,  16 ,Y,0.6319576026,  0.24 
421,1,1,1,1,0,0,0%,  0 ,  0.00 ,  -   ,  9 ,Y,0.6934362098,  0.69 
422,1,1,0,1,1,1,5%,  588 ,  1.11 ,  0.04 ,  44 ,Y,1.073307469,  (0.04)
423,1,1,0,1,0,0,5%,  223 ,  0.49 ,  0.10 ,  38 ,Y,0.7296867033,  0.24 
424,1,1,0,1,0,0,0%,  46 ,  0.28 ,  -   ,  14 ,Y,0.7296867033,  0.45 
425,1,1,1,1,1,1,10%,  488 ,  1.38 ,  0.07 ,  29 ,Y,1.037056976,  (0.34)
426,1,1,0,1,1,0,0%,  299 ,  1.25 ,  -   ,  20 ,Y,0.6371408264,  (0.61)
427,1,1,1,1,0,0,0%,  132 ,  0.28 ,  -   ,  40 ,Y,0.6934362098,  0.42 
428,1,1,1,1,0,0,5%,  105 ,  0.29 ,  0.18 ,  31 ,Y,0.6934362098,  0.41 
429,1,1,1,1,1,1,5%,  224 ,  1.23 ,  0.04 ,  15 ,Y,1.037056976,  (0.20)
430,1,1,0,0,1,1,0%,  550 ,  1.20 ,  -   ,  38 ,Y,0.6319576026,  (0.56)
431,1,1,1,1,0,0,0%,  167 ,  1.00 ,  -   ,  14 ,Y,0.6934362098,  (0.31)
432,1,1,1,0,0,0,0%,  454 ,  0.87 ,  -   ,  44 ,Y,0.252086343,  (0.61)
433,1,1,0,1,0,0,5%,  143 ,  0.25 ,  0.20 ,  47 ,Y,0.7296867033,  0.48 
434,1,1,1,1,1,0,0%,  20 ,  0.06 ,  -   ,  28 ,Y,0.600890333,  0.54 
435,1,1,0,0,0,0,0%,  252 ,  1.11 ,  -   ,  19 ,Y,0.2883368364,  (0.82)
436,1,1,1,1,0,0,5%,  75 ,  0.53 ,  0.09 ,  12 ,Y,0.6934362098,  0.16 
437,1,1,1,1,1,1,0%,  20 ,  0.13 ,  -   ,  12 ,Y,1.037056976,  0.90 
438,1,1,0,0,1,0,0%,  43 ,  0.08 ,  -   ,  47 ,Y,0.1957909596,  0.12 
439,1,1,1,1,1,1,5%,  304 ,  0.86 ,  0.06 ,  29 ,Y,1.037056976,  0.18 
440,1,1,0,1,0,0,5%,  320 ,  0.72 ,  0.07 ,  37 ,Y,0.7296867033,  0.01 
441,1,1,0,1,0,0,0%,  145 ,  0.26 ,  -   ,  47 ,Y,0.7296867033,  0.47 
442,1,1,1,1,0,0,5%,  261 ,  0.72 ,  0.07 ,  30 ,Y,0.6934362098,  (0.03)
443,1,1,1,1,1,0,0%,  58 ,  0.10 ,  -   ,  48 ,Y,0.600890333,  0.50 
444,1,1,0,1,0,0,5%,  199 ,  1.36 ,  0.04 ,  12 ,Y,0.7296867033,  (0.63)
445,1,1,1,1,1,1,10%,  675 ,  1.59 ,  0.06 ,  35 ,Y,1.037056976,  (0.55)
446,1,1,1,1,0,0,0%,  69 ,  0.30 ,  -   ,  19 ,Y,0.6934362098,  0.40 
447,1,1,1,1,0,0,0%,  221 ,  0.63 ,  -   ,  29 ,Y,0.6934362098,  0.07 
448,1,1,0,0,1,0,0%,  53 ,  0.12 ,  -   ,  39 ,Y,0.1957909596,  0.08 
449,1,1,1,1,1,0,0%,  114 ,  0.34 ,  -   ,  28 ,Y,0.600890333,  0.26 
450,1,1,0,1,1,1,10%,  928 ,  2.22 ,  0.05 ,  35 ,Y,1.073307469,  (1.15)
451,1,1,1,0,0,0,0%,  277 ,  2.66 ,  -   ,  9 ,Y,0.252086343,  (2.40)
452,1,1,1,1,1,1,10%,  590 ,  1.35 ,  0.07 ,  37 ,Y,1.037056976,  (0.31)
453,1,1,0,1,1,1,5%,  693 ,  1.65 ,  0.03 ,  35 ,Y,1.073307469,  (0.58)
454,1,1,1,0,1,0,0%,  21 ,  0.11 ,  -   ,  16 ,Y,0.1595404661,  0.05 
455,1,1,1,1,1,0,5%,  49 ,  0.47 ,  0.11 ,  9 ,Y,0.600890333,  0.13 
456,1,1,1,0,1,0,0%,  62 ,  0.26 ,  -   ,  20 ,Y,0.1595404661,  (0.10)
457,1,1,0,1,0,0,0%,  89 ,  0.34 ,  -   ,  22 ,Y,0.7296867033,  0.39 
458,1,1,1,1,1,1,5%,  517 ,  1.52 ,  0.03 ,  28 ,Y,1.037056976,  (0.48)
459,1,1,0,1,1,1,10%,  503 ,  1.01 ,  0.10 ,  42 ,Y,1.073307469,  0.06 
460,1,1,1,0,0,0,0%,  29 ,  0.07 ,  -   ,  32 ,Y,0.252086343,  0.18 
461,1,1,0,1,1,1,0%,  146 ,  0.26 ,  -   ,  47 ,Y,1.073307469,  0.81 
462,1,1,1,1,0,0,0%,  25 ,  0.10 ,  -   ,  20 ,Y,0.6934362098,  0.59 
463,1,1,1,1,1,1,10%,  798 ,  2.21 ,  0.05 ,  30 ,Y,1.037056976,  (1.17)
464,1,1,1,1,1,1,0%,  59 ,  0.21 ,  -   ,  24 ,Y,1.037056976,  0.83 
465,1,1,1,0,1,1,0%,  27 ,  0.08 ,  -   ,  28 ,Y,0.5957071092,  0.52 
466,1,1,0,1,1,1,5%,  105 ,  0.62 ,  0.08 ,  14 ,Y,1.073307469,  0.45 
467,1,1,1,1,0,0,10%,  303 ,  0.83 ,  0.12 ,  30 ,Y,0.6934362098,  (0.14)
468,1,1,1,1,1,0,5%,  376 ,  0.73 ,  0.07 ,  43 ,Y,0.600890333,  (0.13)
469,1,1,0,1,0,0,5%,  280 ,  1.23 ,  0.04 ,  19 ,Y,0.7296867033,  (0.50)
470,1,1,1,1,0,0,5%,  176 ,  0.54 ,  0.09 ,  27 ,Y,0.6934362098,  0.15 
471,1,1,0,1,1,0,0%,  166 ,  0.30 ,  -   ,  46 ,Y,0.6371408264,  0.34 
472,1,1,0,0,0,0,0%,  365 ,  0.75 ,  -   ,  41 ,Y,0.2883368364,  (0.46)
473,1,1,1,1,1,1,10%,  404 ,  1.22 ,  0.08 ,  28 ,Y,1.037056976,  (0.18)
474,1,1,1,1,1,1,5%,  422 ,  0.84 ,  0.06 ,  42 ,Y,1.037056976,  0.20 
475,1,1,1,1,0,0,5%,  123 ,  0.69 ,  0.07 ,  15 ,Y,0.6934362098,  0.00 
476,1,1,0,1,0,0,0%,  191 ,  0.48 ,  -   ,  33 ,Y,0.7296867033,  0.25 
477,1,1,1,1,0,0,0%,  0 ,  0.00 ,  -   ,  30 ,Y,0.6934362098,  0.69 
478,1,1,1,1,1,1,15%,  663 ,  1.52 ,  0.10 ,  36 ,Y,1.037056976,  (0.48)
479,1,1,0,1,0,0,0%,  33 ,  0.19 ,  -   ,  15 ,Y,0.7296867033,  0.54 
480,1,1,0,1,1,1,5%,  182 ,  1.72 ,  0.03 ,  9 ,Y,1.073307469,  (0.65)
481,1,1,0,1,0,0,5%,  450 ,  1.42 ,  0.04 ,  26 ,Y,0.7296867033,  (0.69)
482,1,1,1,1,0,0,5%,  295 ,  1.27 ,  0.04 ,  19 ,Y,0.6934362098,  (0.58)
483,1,1,1,1,0,0,5%,  257 ,  0.75 ,  0.07 ,  29 ,Y,0.6934362098,  (0.06)
484,1,1,1,1,0,0,0%,  95 ,  0.31 ,  -   ,  25 ,Y,0.6934362098,  0.38 
485,1,1,0,0,0,0,0%,  7 ,  0.03 ,  -   ,  17 ,Y,0.2883368364,  0.25 
486,1,1,0,1,1,1,0%,  43 ,  0.14 ,  -   ,  26 ,Y,1.073307469,  0.94 
487,1,1,1,1,1,0,0%,  56 ,  0.12 ,  -   ,  41 ,Y,0.600890333,  0.49 
488,1,1,0,1,1,1,0%,  0 ,  0.00 ,  -   ,  44 ,Y,1.073307469,  1.07 
489,1,1,0,1,1,0,5%,  260 ,  1.06 ,  0.05 ,  21 ,Y,0.6371408264,  (0.42)
490,1,1,1,1,1,1,10%,  639 ,  1.81 ,  0.06 ,  29 ,Y,1.037056976,  (0.77)
491,1,1,1,0,1,1,0%,  23 ,  0.22 ,  -   ,  9 ,Y,0.5957071092,  0.38 
492,1,1,0,1,1,1,10%,  646 ,  1.65 ,  0.06 ,  33 ,Y,1.073307469,  (0.58)
493,1,1,0,0,1,1,0%,  935 ,  1.80 ,  -   ,  43 ,Y,0.6319576026,  (1.17)
494,1,1,1,1,0,0,5%,  402 ,  0.87 ,  0.06 ,  38 ,Y,0.6934362098,  (0.18)
495,1,1,1,1,1,1,0%,  109 ,  0.19 ,  -   ,  48 ,Y,1.037056976,  0.85 
496,1,1,1,1,1,1,10%,  666 ,  1.40 ,  0.07 ,  40 ,Y,1.037056976,  (0.37)
497,1,1,0,0,0,0,0%,  45 ,  0.19 ,  -   ,  20 ,Y,0.2883368364,  0.10 
498,1,1,1,0,0,0,0%,  44 ,  0.27 ,  -   ,  13 ,Y,0.252086343,  (0.02)
499,1,1,0,0,1,1,0%,  162 ,  0.36 ,  -   ,  37 ,Y,0.6319576026,  0.27 
500,1,1,1,1,1,1,0%,  339 ,  1.63 ,  -   ,  17 ,Y,1.037056976,  (0.59)